Env,Chromosome,Position,P.value,log_p,maf,effect
1,1,8550514,4.61250054764544e-8,7.3360635692687906,0.113583138173302,0.283279287432947
1,1,143315388,4.15347853163783e-9,8.381588029959866,0.124121779859485,0.304473256669963
1,4,28347887,2.08570913180231e-11,10.680746257396127,0.0761124121779859,-0.619274021300889
1,5,20033603,1.90227161181742e-9,8.720727473154744,0.0737704918032787,0.533640341305117
1,5,33392166,1.5351678668179e-9,8.813844128560314,0.0737704918032787,0.480307062518874
1,5,206303620,3.61716451343037e-11,10.441631738501243,0.318501170960187,-0.258483026215152
1,6,134089665,4.82078932692844e-8,7.316881847183582,0.455503512880562,-0.196276649941983
1,7,128421653,5.4397861125231e-8,7.264418176032908,0.297423887587822,-0.259783700484445
1,10,126529528,5.54383887634739e-9,8.256189400353335,0.495316159250585,0.194004719320753
2,1,54034881,7.44650704450622e-14,13.12804739530889,0.274886877828054,0.536177365957333
2,4,39882185,8.45177641891497e-8,7.073052000180515,0.0565610859728507,0.641433924966706
2,5,18196678,1.82783132139641e-8,7.73806388495165,0.0610859728506787,-0.686649978402787
2,5,164508944,3.30294482529188e-8,7.481098681007773,0.0565610859728507,0.669444297251185
2,7,142437930,2.11572880980209e-9,8.67454000013135,0.200226244343891,0.448503818524081
5,6,161687622,4.84176667737409e-8,7.314996142851832,0.158980582524272,-0.242581902059402
5,7,162170288,4.68835219956297e-8,7.3289797705861055,0.141990291262136,-0.291773691533682
5,8,7962541,4.75509167749905e-8,7.322841105509294,0.121359223300971,-0.286085991597916
5,9,124527892,5.66210461391672e-8,7.247022110805066,0.0776699029126213,-0.37140247030164403
5,9,140584194,3.27855596505511e-8,7.484317398513505,0.200242718446602,-0.235658646715848
